Title,Ingredients,Steps,Link
Bourbon biscuit milkshake,"Ingredients
1 glass Chilled Milk
4-5 Bourbon biscuit
2 tsp Chocolate syrup
1 tsp sugar
1/4 tsp instant coffee","Steps
In a mixer jar add Bourbon biscuit.grind it.
Now add all of the ingredients and blend for 2-3 minutes.
Transfer to a serving glass. Garnish with chocolate biscuits.Serve immediately.
For variation you can add one scoop of icecream while blending.",https://cookpad.com/us/recipes/12840833-bourbon-biscuit-milkshake
Strawberry chocolate banana milkshake,"Ingredients
1 banana
1 cup milk
3 cup strawberry vannilla and chocolate mixed ice cream
1 tsp nutmeg
1 tsp ground cinnamon","Steps
Blend all together in a blender til thicken to your taste",https://cookpad.com/us/recipes/349038-strawberry-chocolate-banana-milkshake
Oreo milkshake,"Ingredients
1 scoop Vanilla ice cream (optional)
1 glass milk
10 Oreo biscuits
1 tbsp chocolate sauce","Steps
Gather the ingredients.
1 pint vanilla ice cream 1 cup milk (preferably whole milk) 10 Oreo cookies (or other chocolate sandwich cookie; reserve 2 for garnish) 1 tablespoon chocolate sauce
Place the vanilla ice cream, milk, 8 of the Oreo cookies, and the chocolate sauce in a blender and puree until smooth.
Crush the remaining Oreo cookies by placing them in a zip-top plastic bag and pounding on them a few times with a rolling pin until they crumble.
Pour the milkshakes into 2 tall glasses and top each with the crushed Oreo cookie crumbs. Garnish with a straw.
Serve the shakes immediately and enjoy.",https://cookpad.com/us/recipes/13168522-oreo-milkshake
Mango milkshake,"Ingredients
1 cup mango cubes
1 tbsp sugar
1 glass Milk Chilled
as needed ice cubes","Steps
First take chopped mangoes and blend in blender
And then add sugar and chilled milk and blend it in blender make smooth paste
Serve it chilled
Granish with dryfruits if you like",https://cookpad.com/us/recipes/12825230-mango-milkshake
Mint banana milkshake,"Ingredients
2 servings
3 banana
4 ice cubes
3 mint leaves
1 pinch cinimon
1 tbsp sugar
4 cup milk","Steps
Take all the ingredients and put it into the blender and blend them... Banana milkshake is ready. Serve it into glass",https://cookpad.com/us/recipes/13195198-mint-banana-milkshake
Fruit milkshake,"Ingredients
4 persons
1 Mango
1 Banana
6 piece Strawberry
4 tbsp Brown sugar
4 cups Milk","Steps
Cut the mango into cubes and add all other fruits to blender.
Add brown sugar and milk to the fruits.
Blend all ingredients well together.
Delicious milkshake is ready. Serve cold.",https://cookpad.com/us/recipes/13366731-fruit-milkshake
Tri-fruit juice,"Ingredients
2 servings
6 purple berries (jamun in hindi)
3 piece jackfruit
1/2 banana
water or milk ( for juice- water, milkshake- milk)
sugar","Steps
Remove the seeds from the purple berries (jamun).
Cut jackfruit pieces in dices.
Take a container and add these fruits, including banana.
Add water for if you are making juice. Or you can add milk for milkshake. Add sugar (as needed or optional)
Grind it.
Serve chill or just at room temperature.",https://cookpad.com/us/recipes/466671-tri-fruit-juice
Mango Milkshake,"Ingredients
1 serving
1 cup mango cube (fresh)
1 tbsp sugar
2 scoop vanilla icecream
1/2 cup Milk, chilled
Few nuts, chopped","Steps
Firstly, in a blender tak 1 cup ripened mango.
Also add 1 tbsp sugar and 2 scoops vanilla ice cream.
Blend smooth adding 1/2 cup chilled milk.
Finally, serve mango milkshake with ice cream topped with few chopped nuts.",https://cookpad.com/us/recipes/12935947-mango-milkshake
Strawberry milkshake,"Ingredients
1 serving
1 glass chilled milk
2 chopped strawberry
as required Sugar","Steps
Firstly to blend the strawberry in a jar
Add chilled milk on it
Also added sugar as per required. If strawberry is sweet then no need to add sugar
Blend the milkshake till smooth
Pour in tall glass and serve immediately",https://cookpad.com/us/recipes/13545610-strawberry-milkshake
Basic Vanilla Milkshake,"Ingredients
4 cup vanilla ice cream
1 cup milk
2 1/2 tsp vanilla extract","Steps
Place all ingredients into the Vitamix container in the order listed and secure lid.
Select Variable 1.
Switch machine to Start and slowly increase speed to Variable 8.
Blend for 15 seconds.",https://cookpad.com/us/recipes/434575-basic-vanilla-milkshake
Peanut Butter And Jelly Milkshake,"Ingredients
1 serving
3 scoops vanilla ice cream
2 tbsp peanut butter
1/2 cup whole milk
2 tbsp strawberry preserves
1 tbsp vanilla syrup (optional)","Steps
Place the ice cream in a blender.
Add peanut butter and preserves, followed by milk, and finally the flavored syrup, if using.
Blend on low speed until ingredients are mixed, then on a higher speed until mixture reaches a smooth, thick consistency.
If the shake is hard to blend, try adding more milk to the blender, or turn off the machine completely and use a long handled spoon to shift the ingredients.",https://cookpad.com/us/recipes/350908-peanut-butter-and-jelly-milkshake
Banana milkshake,"Ingredients
3-4 Banana
1 cup Milk
1 spoon Sugar","Steps
Take a mixer jar
Add banana, sugar and milk. Blend it.
Serve chilled",https://cookpad.com/us/recipes/13667603-banana-milkshake
Oreo milkshake,"Ingredients
1 frozen banana
2/3 cup milk
2-3 oreos
1/4 tsp vanilla extract","Steps
Blend all ingredients together",https://cookpad.com/us/recipes/13058942-oreo-milkshake
Banana milkshake,"Ingredients
5 Banana
5 seachet of powdered milk
Half tin of peak milk
2 Fresh yo
Sugar
Vanilla flavour
cubes Ice","Steps
Peel your banana's and cut, put inside the blender add powdered milk,peak milk,fresh yo,sugar,vanilla flavour and ice cubes, blend them until smooth",https://cookpad.com/us/recipes/12858894-banana-milkshake
Strawberry Shortcake Milkshake,"Ingredients
1 serving
1 cup frozen strawberries
1 cup vanilla ice cream
2 shortbread cookies, crushed","Steps
In blender, puree frozen strawberries, vanilla ice cream, and cookies 30 seconds of until smooth.
Top with whipped cream and strawberry syrup, if desired.",https://cookpad.com/us/recipes/453398-strawberry-shortcake-milkshake
Thandai milkshake shots,"Ingredients
6-8 almonds
4-5 cashew nuts
1 tbsp fennel seeds
1/2 tbsp melon seeds
4 peppercone
As needed saffron strands
As needed milk
2 scoops vanilla ice cream
To taste sugar","Steps
In a mixing bowl add all the above Ingredients mentioned for Thandai masala and then add 1/2 cup of hot water and soak it for 30 Min.
Then take a mixer jar add all the soaked ingredients along with the water and grind it into course paste.Then in mixer jar add 1 cup milk,2 scoops vanilla ice cream,sugar and then add prepared masala and blend it.
Then pour it into the shots glass and garnish it with almonds. Ready to drink thandai.",https://cookpad.com/us/recipes/13123433-thandai-milkshake-shots
Refreshing Mango Milkshake,"Ingredients
1 serving
1/2 medium Mango
1 cup Milk
1 tbsp Honey
1 tsp Chia Seed (optional)
1 Some crushed ice","Steps
Blend all the ingredients and the drink is ready!üòâ",https://cookpad.com/us/recipes/355013-refreshing-mango-milkshake
Banana Oreo milkshake,"Ingredients
2 people
For Milkshake
2 ripe bananas
2 glass milk
2 tsp sugar
5 Oreo cookies
For Garnishing
Vanilla ice cream(optional)
Chocolate syrup(optional)
Oreo cookie
KitKat (optional)","Steps
Take Oreo cookies and crush them.
Cut bananas into slices.
Add milk, sugar, crushed cookies and sliced bananas in a mixture jar and blend well.
Pour it into serving jar and garnish with vanilla ice cream and chocolate syrup. Add cookie and KitKat if you want.",https://cookpad.com/us/recipes/13697383-banana-oreo-milkshake
Mango jelly milkshake,"Ingredients
2 servings
1 mango
1 glass milk
to taste Sugar
Jelly 1/2 packed","Steps
Jelly bana kar set karay
Mango,milk or sugar ko blend karay or serving glass main nikalay
Jelly ko cut kar kay Shake kay upper dalay yummy sa mango shake ready",https://cookpad.com/us/recipes/13182140-mango-jelly-milkshake
Healthy banana milkshake,"Ingredients
2 servings
2 Ripe bananas
1 tbsp Gulkand
15 soaked almonds
2 cups (250 ml) full cream milk
1 cup (small) plain vanilla ice-cream
2 betel leaves
4-5 basil leaves
4 tsp soaked chia seeds
1/8 tsp cardamom powder","Steps
Soak almonds for 45 mins in water. Soak chia seeds for 15 min in water. Prepare other ingredients.
Peel banana and cut it into small pieces. In big blender jar, add banana, soaked almond, gulkand, betel leaves, basil leaves, 1 scoop of vanilla ice cream and milk. Blend it until all ingredients are mixed well.
Pour delicious and healthy banana milkshake in glass. Garnish it with soaked chia seeds, cardamom powder and banana slice,basil leaves.",https://cookpad.com/us/recipes/13703857-healthy-banana-milkshake
Maple Nut Milkshake,"Ingredients
3 cup vanilla ice cream
1/4 cup and 2 tablespoons milk
1 1/2 tsp vanilla extract
3 tbsp maple syrup
1/4 cup walnuts","Steps
Place all ingredients into the Vitamix container in the order listed and secure lid.
Select Variable 1.
Switch machine to Start and slowly increase speed to Variable 8.
Blend for 15 seconds using the tamper to press the ingredients into the blades.",https://cookpad.com/us/recipes/446094-maple-nut-milkshake
Avacado Milkshake,"Ingredients
4 servings
3 pints Milk
1 1/2 Ripe Avacado
2 tbsp Sugar","Steps
cut the avacado, use 1 n a half and place in a blender. Make sure its ripe.
add 3pints of milk to the blender and whizz till the avacado is fine and the milk has a creamy texture.
add 2 tablespoons of granulated sugar and whizz again.
and youre ready to go :-) Bon Appetite x",https://cookpad.com/us/recipes/372862-avacado-milkshake
Orange Milkshake,"Ingredients
2 cup orange juice
1 cup whole milk
1 tsp vanilla extract
1/4 cup confectioners' sugar
1/4 cup granulated sugar","Steps
Transfer the orange juice to a blender. Add the milk, vanilla, both sugars and 1 cup ice and blend until smooth and frothy. Divide among 4 chilled glasses.",https://cookpad.com/us/recipes/349184-orange-milkshake
Oreo Milkshake,"Ingredients
2 people
1 packet Oreo biscuit
1 1/2 cup milk
2 spoon hershey syrup","Steps
In chopper grind all biscuits. Add milk and give one round of mix in chopper itself.
Glass's side spread hershey syrup, and pour Oreo milkshake.
Don't add sugar. And I added milk fresh cream also. If you don't like milk cream skip that. We can grind in mixie but for biscuit crunch I used chopper.",https://cookpad.com/us/recipes/13123624-oreo-milkshake
Vanilla Milkshake,"Ingredients
2 servings
3 cup Vanilla Icecream
1 cup milk
1/2 tbsp Vanilla Extract
2 tbsp Brown Sugar
8 ice cubes","Steps
Put ice cubes in the blender and set on ice crush, use 7-10 depending on how thick you want it to be
Add the rest of the ingredients and set on pulse
Pour in a glass and serve, makes about 2 tall glasses",https://cookpad.com/us/recipes/412223-vanilla-milkshake
Oreo Milkshake,"Ingredients
1 serving
2 Vanila ice-cream
4 Oreo ( chocolate sandwich cookies )
100 ml Milk
1 Oreo ice pop ( my recipe )
1 Triple-choco Oreo pops ( my recipe )
1 tbsp Chocolate syrup","Steps
Blend everything together smoothly. https://cookpad.com/us/recipes/343076-triple-choco-oreo-pops
https://cookpad.com/us/recipes/360326-oreo-ice-pops
Decorate with more Oreo ( chocolate sandwich cookies ) and chocolate syrup. Serve with a straw or a tall spoon.",https://cookpad.com/us/recipes/348756-oreo-milkshake
Mango Milkshake,"Ingredients
3-4 servings
5-6 Sweet Mangoes
3 cups Full fat Milk
3 tbsp Sugar (optional)
1/4 cup Whipping Cream
5-6 Ice cubes","Steps
Add all the ingredients to a blender jar. Blitz until thick and creamy. Sugar is optional here. Add it only if required.
Serve this yummy favourite of all the kids as a healthy Brunch or at evening Snack time.
Enjoy this wholesome drink whenever you can lay your hands upon the sweet Mangoes",https://cookpad.com/us/recipes/13208566-mango-milkshake
Simple Chocolate Raspberry Milkshake,"Ingredients
2 servings
1 cup milk
2 tbsp Hershey's unsweetened cocoa powder
7 scoops raspberry blush sherbet","Steps
Put all ingredients in blender. Blend for about 45 seconds.
Pour into glasses and enjoy.",https://cookpad.com/us/recipes/1231206-simple-chocolate-raspberry-milkshake
Strawberry Milkshake,"Ingredients
2 Person
100 g Strawberries
4 tbsp Sugar
400 ml Milk","Steps
Put frozen strawberries,Sugar and milk in blender jug and blend.
Serve.",https://cookpad.com/us/recipes/13729588-strawberry-milkshake
Mango Almond Milkshake,"Ingredients
2 servings
1 Mango
1 tbsp Grinded Almonds
2 and Half cup Full fat Milk
2 tbsp or to taste sugar
5 ice-cubes
1 tbsp chopped Brown Almonds
1 tbsp mango cubes","Steps
Wash, peel and cut mango in medium size. Puree in a mixer or blend until smooth.
Add grinded almonds, Milk, sugar, ice-cubes and blend again for a minute to combine everything well.
Pour in serving glass and top it up mango cubes and chopped brown almonds. Enjoy delicious mango almond milkshake.",https://cookpad.com/us/recipes/13058167-mango-almond-milkshake
Mango Dalgona Milkshake,"Ingredients
2 servings
1 bowl Mango pure
1 bowl Whipped cream
1 glass Milk
1 tablespoon Sugar
handful Sprinklers","Steps
Take a pure and whipped cream mix it properly.
It forms like dalgona taxture.
Now take a glass of chilled milk. Now add dalgona mixture and sprinkler served chilled.",https://cookpad.com/us/recipes/13021852-mango-dalgona-milkshake
Mango ü•≠ MilkShake,"Ingredients
2Person
1 cup:Mango Puree
3 tbs:Cheeni
2 cup:Doodh
Mango Chunks","Steps
Mango ko blender may blend kar Mango Puree Bana lain.
Ab Doodh may Cheeni,Mango Puree dal kar blend kar lain.
Agr Mango meethay na ho to apnye taste ke mutabiq aur Cheeni add kar ke blend kar ly.
MilkShake banye ke baad Isye Refrigerator may 2sy3Hours ke liye Chill kar lain.
Ap Glass may MilkShake dal kar uper sy Mango Chunks dal serve krye.üòçüòçüòçüòç",https://cookpad.com/us/recipes/12826254-mango-%F0%9F%A5%AD-milkshake
Creamy and cooling watermelon coconut milkshake,"Ingredients
1 and1/2 cups watermelon (cubed and deseeded and kept to freeze for sometime)
1 cup coconut milk (chilled)
1 teaspoon vanilla extract
to taste Sweetener of choice","Steps
Combine ingredients in blender and blitz till smooth (Note : freezing the watermelon before blending helps a lot for the cooling flavor and texture)",https://cookpad.com/us/recipes/918856-creamy-and-cooling-watermelon-coconut-milkshake
Avocado milkshake,"Ingredients
1 serving
1 tbsp honey
3 ice cubes
1 cup 2% milk
2 tbsp flax seed
1/2 Avocado","Steps
blend all the ingredients",https://cookpad.com/us/recipes/344066-avocado-milkshake
"Mango, ice cream milkshake","Ingredients
4serving
1 cups ripe mangoes, peeled and diced
1 teaspoon light brown sugar
1 cup vanilla ice cream, low-fat
1/2 cup skim milk","Steps
Run mango and brown sugar through a blender or food processor until smooth and well-blended.
Place vanilla ice cream and milk with mango mixture in machine and process again until well mixed.
Pour into four parfait glasses and garnish each with ice.",https://cookpad.com/us/recipes/12958388-mango-ice-cream-milkshake
Date milkshake,"Ingredients
2 servings
1/2 kg dates
500 ml cold milk","Steps
Remove all the seeds in the dates then keep them aside.
In a blender add the dates and milk. Blend it to the fullest until smooth.
Ready for serving with popcorns or any snack of your choice.",https://cookpad.com/us/recipes/13383445-date-milkshake
shamrock shakes,"Ingredients
5 servings
1/4 tsp peppermint extract
1 blender or milkshake maker
16 drops of green food coloring
1 maraschino cherry
1 bottle whipped cream
1 bottle of green sugar sprinkles
1 cup milk
2 cup vanilla ice cream
1 icecream scoop
1 cup hot water","Steps
take out the vanilla icecream and ur other ingrediants
put UR ice cream scoop into the hot water
take ur hot ice cream scoop and scoop 2 ice cream scoops at a time into ur blender or milk shake maker and dip it into the hot water after every 2 scoops .
after 8 scoops are in the blender/ milkshake maker add the peppermint extract ,milk and food coloring into the blender
blend until all icecream is mixed in and smooth but not to watery
pour into ur cup(s) and add whipped cream , green sprinkles and maraschino cherry(s) in to ur shake
ur done!!",https://cookpad.com/us/recipes/431573-shamrock-shakes
Healthy Breakfast Milkshake,"Ingredients
1 2/3 cup milk (any)
1 banana
5 strawberries (no stem)
1/4 cup instant oatmeal uncooked
1 tbsp chia seeds
1 scoop protein powder(I used chocolate)
1 tsp vanilla extract
1 tbsp Cacao powder
2 dash ground cinnamon
2 tbsp peanut butter
4 ice cubes","Steps
Combine all ingredients in a blender or I used nutribullet and blend. Filling and delicious!",https://cookpad.com/us/recipes/364419-healthy-breakfast-milkshake
Maple Bacon Milkshake,"Ingredients
4 servings
1 1/2 gallon Maple nut ice cream
1 lb Oscar Meyer center cut bacon
2 cup milk
1 dash brown sugar","Steps
Cook bacon as directed. Save a few pieces for garnish. Sprinkle those pieces with brown sugar while cooking. Crumble the remaining bacon.
Get your blender out. Scoop desired amount of ice cream into blender add milk and crumbled bacon. Blend to milkshake consistency.
Pour into glasses add candied bacon slice and enjoy!",https://cookpad.com/us/recipes/409919-maple-bacon-milkshake
Mango Milkshake,"Ingredients
2 persons
1 large mango
1-1/2 cup chilled milk
2 tbsp sugar
4-5 ice cubes","Steps
First of all peel mango and cut into small pieces.
In a blender add mangoes, sugar, milk and blend it well.
Take a cloth, put ice cubes in it and cut ice cubes into further small pieces.
Now put this ice in shake and blend again
Yummy üòã shake is ready to serve.",https://cookpad.com/us/recipes/12900072-mango-milkshake
Chocolate Mango Milkshake,"Ingredients
2 cups chopped mango
1 1/2 cups Milk
1 1/2 tablespoons Sugar(or to taste)
2-3 Ice Cubes, optional
1 tbsp White chocolate
1 tbsp Dark Chocolate melted
as required Chocolate pieces to garnish","Steps
In a jar add add ingredients except dark chocolate.
Grind it finely.
In a large glass spread dark chocolate.
Pour mango juice to in garnish with chocolate pieces.",https://cookpad.com/us/recipes/13103576-chocolate-mango-milkshake
Oreo milkshake,"Ingredients
3 servings
1 cup whole milk
1/4 cup half & half
6 Oreo sandwich cookies
3 cup vanilla ice cream","Steps
Mix all ingredients well in the blender , sit back, relax and enjoy :-) *If you prefer thicker consistency, add more ice cream.",https://cookpad.com/us/recipes/354078-oreo-milkshake
Mango milkshake,"Ingredients
2 person
2 cup mango cub's
1 cup milk
1 _1/2 cup iced
1/4 cup sugar","Steps
Mango ko kaat lain cub's main phir grander main sub chezay add karein or grand karein
Grand ke baad serve karein thanda thanda milkshake",https://cookpad.com/us/recipes/12856069-mango-milkshake
Apple dates milkshake,"Ingredients
2 servings
1 medium size Apple
1 cup chilled milk
2-3 tablespoons date syrup (adjust to need)
1 pinch cinnamon
cubes Ice
2 tablespoons milk powder","Steps
Add all ingredients to a blender and blitz till smooth.",https://cookpad.com/us/recipes/853557-apple-dates-milkshake
Badam Milkshake,"Ingredients
3 person
3 cups milk
3 tbsp sugar
1 tbsp custard powder
20 almonds (soaked and peeled)
1 pinch saffron
Pinch turmeric powder","Steps
Boil milk, add sugar, turmeric powder, custard powder (slurry).
Grind the almonds to make a smooth paste.
Add almond paste to milk, boil for 10 minutes. Add saffron.
Serve hot or cold.",https://cookpad.com/us/recipes/13531311-badam-milkshake
Mixed fruit Milkshake,"Ingredients
2 to 3 servings
2 glass milk (chilled)
1 mango
3 chikoos
2 bananas
2 tbsp honey","Steps
SB sy phyly mangoe, chikoos aur bananas ko peel off kar ke cubes mea cut krlein.
Blender mea fruits,milk, honey add kar ke blend krien.
Serving glasses mea nikal lein.
Mixed fruit milkshake enjoy krien.",https://cookpad.com/us/recipes/13157194-mixed-fruit-milkshake
Simple milkshake (sherbet),"Ingredients
1 serving
1 glass chilled milk
2 tbsp sugar
1 tbsp peptang concentrate","Steps
Pour in a glass the peptang concentrate and put 2 tbsp sugar. Mix for a minute.
Add in the cold milk. Stir to combine and make a soothing cold sherbet",https://cookpad.com/us/recipes/12865024-simple-milkshake-sherbet
Oreo milkshake ü•∞,"Ingredients
3 servings
12 oreo Cookies
3 cups milk
2 cup vanilla ice cream
3 1/2 tbsp chocolate syrup
Ice cubes as required
Sugar as required","Steps
Crush the cookies
Now add milk, sugar, chocolate syrup in the blender also add cookies and ice cream in the blender and blend well all the ingredients until combined completely.
Pour the prepared milkshake into the glass top the milkshake with teh crumbled some cookies
Serve immediately üòä",https://cookpad.com/us/recipes/13120012-oreo-milkshake-%F0%9F%A5%B0
Choco milkshake,"Ingredients
2 glasses milk
To taste sugar
As needed ice cubes
As needed choco powder for yummy taste","Steps
Take a jug add milk, sugar in it and then put into ice cubes and grind it well.
Now pour into glass and garnish with choco powder
Now choco milkshake is ready to serve.
Serve chilled. Sip with love.",https://cookpad.com/us/recipes/13071780-choco-milkshake
Vanilla Matcha Milkshake,"Ingredients
3 servings
1 C. Coconut Cream
2 Frozen Bananas
1 tsp. Matcha
2 Handfuls Baby Spinach
1/4 tsp. Vanilla Extract
1 Handful Ice
1 Tbs. Vanilla Protein (optional)","Steps
Place all ingredients in blender and blend until smooth. Top with coconut cream and matcha powder.",https://cookpad.com/us/recipes/3707259-vanilla-matcha-milkshake
Chocolate party milkshake in shaker,"Ingredients
1 serving
4 dairy milk pieces
1 glass milk
2 crumbled chocolate cookies
1 pinch Cocoa powder
2 spoons sugar","Steps
Take a Shaker add one glass milk and add all the mentioned ingredient.
Shake it for 5 minutes pour the milkshake in a glass.
Your delicious chocolate party milkshake is ready enjoy.",https://cookpad.com/us/recipes/13125449-chocolate-party-milkshake-in-shaker
Banana Pudding Milkshake,"Ingredients
1 serving
1 whole Banana
1 cup Vanilla Ice Cream
1/2 cup Milk
2 tbsp Biscoff European Cookie Spread","Steps
In a blender, add all ingredients.
Pulse 3-5 times to get all ingredients moving. Blend until smooth.",https://cookpad.com/us/recipes/346631-banana-pudding-milkshake
Banana milkshake,"Ingredients
1 person
1 (250 ml) milk pack
1 banana
2 tbsp sugar","Steps
Cut banana into slices.
In grinder add banana,milk and sugar and grind it well.pour into glass.
Zaeqedar banana milk shake tayyar..... Serve cold",https://cookpad.com/us/recipes/13222281-banana-milkshake
Kit kat milkshake recipe,"Ingredients
1 Kit Kat bar (broken)
2 cups vanilla ice cream
1/2 cup milk
1 teaspoon vanilla extract
as required Hershey's chocolate syrup
as required Whipped cream","Steps
Combine ice cream, Kit Kat bar, milk, and vanilla extract in blender. Squeeze chocolate syrup on top.
Blend until smooth.
Pour into your favorite glass and top with whipped cream and chocolate syrup.",https://cookpad.com/us/recipes/13094767-kit-kat-milkshake-recipe
Chocolate üç´ Peanut Butter MilkShake.,"Ingredients
1 serving
1 Cup fresh milk
2 tbspn peanut butter
1-2 tbspn Cocoa
1-2 tbspn honey üçØ (Optional)
cubes Ice","Steps
Blend all ingredients together in a high powered blender until smooth as milk! Store in the fridge and serve cold.",https://cookpad.com/us/recipes/13488124-chocolate-%F0%9F%8D%AB-peanut-butter-milkshake
Mango milkshake,"Ingredients
2 people
2 medium sized sweet mangoes
1 glass cold milk
as per taste Sugar
as required Dry fruits (cashew or almonds or resins)","Steps
Peel the mangoes well and slice them into smaller pieces.
Put the mango pieces in a mixie jar.
Add sugar and milk.
Give it a nice mix(blend it)
Pour into serving glass and garnish with dry fruits as per your choice.",https://cookpad.com/us/recipes/13466086-mango-milkshake
Mango Milkshake ü•≠ü•≠,"Ingredients
5 servings
2 large mangoes
1,1 /2 cups milk
1,1 /2tbsp sugar
3 ice cubes","Steps
Wash,peel and chop mangoes into small pieces.Transfer them into a blender jar.
Add milk,sugar and ice cubes.
Blend until smooth and creamy.
Pour prepared shake into serving glasses.
Ready to serve‚ù§üòç",https://cookpad.com/us/recipes/12954171-mango-milkshake-%F0%9F%A5%AD%F0%9F%A5%AD
Moms Special Milkshake (Homemade Kahlua),"Ingredients
2 1/2 cup vodka
1 cup sugar
2 tsp instant coffee
1 tsp vanilla
1 cup water
1 cup favorite ice cream","Steps
In saucepan, cook sugar,vanilla,coffee,and water
Bring to a boil
Let cool for 30-45 minutes
Mix in vodka and let chill overnight (6 hours)
In a blender mix the homemade Kahlua (however much is good for you) with your favorite icecream (I use chocolate chip)
Mix till milkshake consistency and serve :-)
The amount of ice cream can be more or less :-) make um to suit your tastes :-)
Tip: Keep Kahlua refrigerated after using",https://cookpad.com/us/recipes/335144-moms-special-milkshake-homemade-kahlua
Banana and dates milkshake,"Ingredients
2 or 3 servings
4-5 dates (khajur)
Sugar as required
2 glass milk
4-5 bananas","Steps
Firstly we take a blender jar. Add all ingredients (khajur, bananas).
Add sugar as required.(4 spoon). Now add 2 glass of milk. Blend it well.
Servering: Take a glass add some ice then add the shake. If you have almond (badam) then add it on top.",https://cookpad.com/us/recipes/13360667-banana-and-dates-milkshake
The Pretty Princess' Milkshake,"Ingredients
4 servings
6 mini vanilla ice cream sandwiches
3 scoops vanilla ice cream
1/2 cup milk
1 packages fun size M&M's
1 fun size 3 Musketeers bar
2 fun size Milky Way
1 whipped cream to garnish","Steps
Add all ingredients to blender (except whipped cream), set to milk shake and blitz that goodness!
Pour into glasses, top with whipped cream and more candy, and serve the sugar hungry ravenous Princess.",https://cookpad.com/us/recipes/347834-the-pretty-princess-milkshake
Adult Chocolate Milkshake,"Ingredients
1 oz creme de cacao
1/2 oz Irish cream liquer
1/2 oz kahlua
1 milk","Steps
Shake all ingriedients together except milk.
Pour into pilsner glass.
Top off glass with milk.
Stir with swizzle stick or stirrer.
ENJOY! ;-)",https://cookpad.com/us/recipes/336654-adult-chocolate-milkshake
Cocktail milkshake,"Ingredients
ÿ¢ŸÖ ÿß€å⁄© ÿπÿØÿØ
⁄Ü€å⁄©Ÿà 3ÿ≥€í 4ÿπÿØÿØ
⁄©€åŸÑ€í 4ÿ≥€í5 ÿπÿØÿØ
ÿØŸàÿØ⁄æ ÿ¢ÿØ⁄æÿß ⁄©ŸÑŸà
ŸÖŸÑÿßÿ¶€å 4⁄ÜŸÖ⁄Ü
⁄Ü€åŸÜ€å 2ÿ≥€í 3⁄ÜŸÖ⁄Ü €å€Å ŸÑÿßŸÑ ÿ¥ÿ±ÿ®ÿ™
ÿ¢ÿ¶€åÿ≥ ÿ∂ÿ±Ÿàÿ±ÿ™ ⁄àÿßŸÑ€å⁄∫
⁄Øÿßÿ±ŸÜÿ¥ ⁄©€íŸÑÿ¶€í
ÿßŸàÿ±€åŸà ÿ®ÿ≥⁄©Ÿπ
Ÿà€åŸÅÿ±ÿ≤","Steps
ÿ≥ÿßÿ±€í ŸÅÿ±ŸàŸπÿ≥ ⁄Ü⁄æ€åŸÑ ⁄©ÿ± ⁄©ÿßŸπ ŸÑ€å⁄∫
ÿ®ŸÑ€åŸÜ⁄àÿ± ŸÖ€å⁄∫ ÿ≥ÿßÿ±€í ŸÅÿ±ŸàŸπÿ≥ ÿØŸàÿØ⁄æ ⁄Ü€åŸÜ€å ÿßŸàÿ± ŸÖŸÑÿßÿ¶€å ⁄àÿßŸÑ ⁄©ÿ± ÿ®ŸÑ€åŸÜ⁄à ⁄©ÿ± ŸÑ€å⁄∫
ÿßÿ® ⁄ØŸÑÿßÿ≥ ŸÖ€å⁄∫ ⁄àÿßŸÑ ⁄©ÿ± ⁄Øÿßÿ±ŸÜÿ¥ ⁄©ÿ±€å⁄∫",https://cookpad.com/us/recipes/13164104-cocktail-milkshake
Mango Milkshake üòãüòã,"Ingredients
1 kg Mangoes
1 cup Milk
4 tbsp Sugar","Steps
Mangoes ko peel kar ke cubes bana lein
Ab saare ingredients ko blender me achi tarha blend kar lein
Tayar hai mazedaar mango Milkshake
Then pour it in glasses & serve cold ‚ùÑ üòã‚ù£Ô∏è",https://cookpad.com/us/recipes/13150661-mango-milkshake-%F0%9F%98%8B%F0%9F%98%8B
AMIEs Fresh STRAWBERRY Milkshake,"Ingredients
2 servings
2 cup fresh milk
1 cup strawberry yogurt
250 grams fresh strawberries, hulled and halved
2 tbsp sugar (optional)","Steps
Put strawberries in a blender. Add milk and yogurt. Blend until smooth. Pour into chilled glasses. Serve and enjoy!",https://cookpad.com/us/recipes/363700-amies-fresh-strawberry-milkshake
Pp&j milkshake,"Ingredients
2 cup vanilla icecream
3 piece gramcrackers
3 tbsp peanutbutter jelly mixed
1 1/2 tsp vanilla extract
1 1/2 cup milk or more if needed","Steps
Blend to together
Add some crushed gram cracker on top and enjoy üòä",https://cookpad.com/us/recipes/365695-ppj-milkshake
Chocolate milkshake Oreo,"Ingredients
Chocolate popsicle
1 cup hot milk
Caramel syrup
Cream
1 cookie of oreo","Steps
Bring a chocolate popsicle
Put the popsicle in the cup and add in the cup 1 cup of hot milk
Stir the chocolate popsicle and the milk together till the chocolate is melted
Design the cup with caramel syrup
Make 1/2 cup of hot coffee
Pour the hot coffee in the cup
Design the top with cream
Put a cookie of oreo
Done, enjoy your drink üòä",https://cookpad.com/us/recipes/12662250-chocolate-milkshake-oreo
Magnum¬Æ Milkshake,"Ingredients
1 serving
1 cup full fat blue cap milk
1/2 cup (optional) full cream
1 medium Magnum¬Æ white ice-cream","Steps
Peel white chocolate away from Magnum¬Æ stick but do not chuck the white chocolate away. Place ice-cream in blender, if blender not applicable use a container that has a secure lid. Add in milk, and if you're a big fan of thick milkshakes, add some cream or even another dollop of Magnum¬Æ ice-cream.
If using a blender, now place the white chocolate that you peeled from the Magnum¬Æ ice-cream in too. Blend and serve. If using a container, place the lid onto the ice-cream-milk mixture and shake vigorously. Once shaked, pour into drinking cup. Crumble white chocolate and sprinkle on top. Add whipped cream on top of shake.",https://cookpad.com/us/recipes/407413-magnum-milkshake
Dragon fruit milkshake,"Ingredients
1 serving
1/2 DRAGON FRUIT
1 cup milk
2 scoops vanilla ice cream
1 tsp chia seeds
2 tbsp cream
garnish
As needed dragon fruit chunks","Steps
ADD ROUGHLY CHOP DRAGON FRUIT, MILK, ICE CREAM.
Blend it together for smooth texture
SOAK CHIA SEEDS IN A LITTLE WATER.
ADD SOAKED CHIA SEEDS AND DRAGON FRUIT CHUNKS TO THE GLASS.
THEN POUR THE SHAKE TO THE GLASS AND SERVE IT CHILLED.",https://cookpad.com/us/recipes/13683835-dragon-fruit-milkshake
Milkshakes,"Ingredients
3 servings
Kitkat milkshake
2 bars kitkat chocolate
2 scoop vanilla ice cream
1 tspn of vanilla flavor
4 tbspn powered milk
Malteasers milkshake
1 satchet of malteasers
2 scoops vanilla ice cream
1 tbspn vanilla flavor
4 tbspn powdered milk
Snickers milkshake
2 bars snickers chocolate
2 scoops vanilla ice cream
1 tspn of vanilla flavor
4 tbspn powdered milk","Steps
Add all ingredients to blender and blend until smooth
Add ice cubes or refrigerate and serve cold. Garnish with anything of choice",https://cookpad.com/us/recipes/13337843-milkshakes
fruit milkshake,"Ingredients
2 servings
1 1/2 cup vanilla icecream
1 cup mangos chopped in squares
2/3 cup milk
1/3 cup blueberries
1 1/4 cup strawberries","Steps
put all in the blender and blend
add ice if needed",https://cookpad.com/us/recipes/438387-fruit-milkshake
Soy berry milkshake,"Ingredients
1 serving
1 cup Soymilk
1/2 cup Frozen berries
1 tsp Honey
1 tbsp Rasped coconut","Steps
Mix in blender",https://cookpad.com/us/recipes/330869-soy-berry-milkshake
Mango Milkshake | Summer Drink Special,"Ingredients
2 servings
2 Mangoes
Half cup Sugar(or as required)
1 glass Milk","Steps
Add Mango, sugar and milk.
Blend it well.",https://cookpad.com/us/recipes/12833761-mango-milkshake-summer-drink-special
Oreo milkshake,"Ingredients
1 serving
5 slice Oreo
1 tsp Condensed milk
1 cup milk
2 tbsp Ice cream any flavour (If u want )","Steps
Need a blender .. Put 4 piece of Oreo in the blender first
Then put in the milk and after tat the CONDENSED milk
After putting condensed milk .. Put some ice cream (If u want it a bit sweeter) Then finally blend it all .. Then pour it a cup u can drink already (Add some crushed Oreo bits on top then drink if desired) (; Enjoy Have fun doing it",https://cookpad.com/us/recipes/400394-oreo-milkshake
Strawberry Milkshake Jelly,"Ingredients
1 sachet agar-agar (7 gr)
250 gr strawberries
1 cup water
1/2 cup sugar
1/2 cup milk
1 pinch salt","Steps
Wash the strawberries and core them. Blend them but only for a few seconds.
Boil water, sugar, salt, and agar-agar. Stir continuously.
When it's boiling, add strawberries, then milk. Stir well.
Pour into molds and wait until the jelly is set. I used agar-agar because it can stand the heat and it'll stay firm after hours outside of the fridge.",https://cookpad.com/us/recipes/6089394-strawberry-milkshake-jelly
Chocolate Milkshake,"Ingredients
1 person
2 scoops vanilla/chocolate ice cream
3 tbsp cocoa powder/1 and 1/2 tbsp if using chocolate ice cream
1 small frozen banana
4-5 tbsp milk of choice
Afew chocolate biscuits (This is for texture)
Sugar, to taste (I used 1 tbsp)
Salt, to taste (I used 1/8 tsp)
Toppings
Biscuits of choice
Chocolate syrup","Steps
Gather all the ingredients.
Blend everything together until smooth. Pour in a glass. Drizzle on top some chocolate syrup and serve with biscuits if desired. Serve cold. Enjoy!",https://cookpad.com/us/recipes/13614698-chocolate-milkshake
Chocolate milkshake,"Ingredients
1/2 (1 pint) ice cream
1 1/2 cup milk
Chocolate syrup","Steps
Add ice cream and milk to blender
Blend until thick liquid
Add chocolate syrup
Blend until light chocolate color
Enjoy",https://cookpad.com/us/recipes/8309304-chocolate-milkshake
Black currant Milkshake,"Ingredients
200 ml black currant ice cream
100 ml condensed milk (milkmaid)
1 cup milk
2 tsp milk powder (dairy whitener)
2 tbsp sugar","Steps
Add all the ingredients to the mixing jar.
Grind/mix it till u see froth on the top.
You can add ice cubes to make it more chilled.
Serve chilled.
It can be garnished wid almonds n pistachios.",https://cookpad.com/us/recipes/407836-black-currant-milkshake
üçπüçåüå¥Date & Banana Milkshakeüå¥üçåüçπ,"Ingredients
2 servings
1 cup milk 1tbs chopped almonds and pistachio (optional)
1/2 cup vanilla ice cream 1tblsp Honey
10-11 soft dates (deseeded & chopped)
1 large banana 1/2 cup ice cubes","Steps
Blend banana, honey, dates, milk till smooth.
now add the ice cream, ice cubes and blend.
Pour into the two glasses top off the shake 1 scoop of ice cream &
Garnish with the nuts.
served chilled and enjoy.üòä",https://cookpad.com/us/recipes/13628093-%F0%9F%8D%B9%F0%9F%8D%8C%F0%9F%8C%B4date-banana-milkshake%F0%9F%8C%B4%F0%9F%8D%8C%F0%9F%8D%B9
Strawberry banana milkshake,"Ingredients
4-5 strawberries
1 medium banana
300 ml cold milk
2 scoops strawberry ice cream
to taste Honey","Steps
Into a blender mix all the ingredients together
The milkshake is ready to enjoy it
Please subscribe to my YouTube channel. https://www.youtube.com/channel/UCBELgAidcSHhx5JH4VtQ2og",https://cookpad.com/us/recipes/12813208-strawberry-banana-milkshake
Banana bailey milkshake,"Ingredients
1 large Banana
1 cup Bailey (I use Aldi but can be any bailey you like, but original one)
1 pints Crush ice
1 cup Semi skimmed milk","Steps
Blend everythings in together, until it smooth and enjoy!!!",https://cookpad.com/us/recipes/472240-banana-bailey-milkshake
Easy low Carb peanut butter milkshake,"Ingredients
2 servings
1/2 cup heavy whipping cream
1/2 cup water
1/2 cup low carb peanut butter (I use peter pan creamy)
10 ice cubes
2 tbsp splenda","Steps
Put all ingredients into a mixer and blend thoroughly.
Enjoy!",https://cookpad.com/us/recipes/356146-easy-low-carb-peanut-butter-milkshake
Mango Milkshake,"Ingredients
4 servings
1 mango (Pakistani -yellow)
2 tbsp sugar
4 cup milk","Steps
Peel of the mango skin
Cut the mango in slices
Add sugar (2 tablespoons or more as you like)
Blend the mango and sugar together
Then add milk and blend it
You can add icecubes or vanilla icecream if you'd like
Bon Apetit!",https://cookpad.com/us/recipes/413508-mango-milkshake
Banana & honey milkshake !!!!!,"Ingredients
4 Bananas
2-3 tablespoons Pure Honey
1 glass Milk
Walnuts & ice cubes for garnishing","Steps
Firstly chop bananas, add milk & honey in the blender grind it 3-4 times then add ice cubes for crunch give one blend and remove it
Pick those glasses add in the juice garnish it with walnuts & ice cubes and serve it cold and enjoy!!!!!
Tip of the day: never store banana juice as it will turn black and won‚Äôt taste well.... !!!",https://cookpad.com/us/recipes/12868251-banana-honey-milkshake
Oreo smoothie without ice cream,"Ingredients
5 servings
12 Oreos
11 medium sized ice cubes
1 1/2 tablespoon cocoa powder
2 1/2 cups milk","Steps
Place your Oreos in a blender
And add in the ice cubes
Add in the cocoa powder
Pour the milk
Blend until well combined
That's it you're done ‚ú®Enjoy‚ú®",https://cookpad.com/us/recipes/904097-oreo-smoothie-without-ice-cream
Mango Milkshake,"Ingredients
2 servings
1 ripe mango
1 glass full cream milk
2 tbsp sugar
4-6 pistachio
4-6 almonds","Steps
Wash and Peel mango. Chop it in small pieces. Now put it in a mixer and grind to a smooth paste.
Add sugar and glass of milk and churn it again.
Now pour milkshake in glasses and serve chilled garnished with chopped pistachio and almonds.",https://cookpad.com/us/recipes/12923153-mango-milkshake
Healthy Banana Crunchy PB milkshake,"Ingredients
1 banana
1 half cup of almond milk
1 spoon full of crunchy pb
1 four cubes of ice","Steps
Cut banana into four medium size pieces
Add half cup of almond milk ice and banana pieces to blender
Add scoop full of pb.
Blend found about 2 minutes!
Enjoy! If you want it to be more cold or thicker add more pb and ice",https://cookpad.com/us/recipes/420765-healthy-banana-crunchy-pb-milkshake
Pumpkin Milkshake,"Ingredients
2 servings
2 cup vanilla ice cream
2 tbsp light brown sugar
1 whipped cream
1/4 cup milk
1/2 cup pumpkin puree
1/3 tsp pumpkin pie spice","Steps
Blend all ingredients together. Makes two 8oz glasses! garnish with whipped cream",https://cookpad.com/us/recipes/343731-pumpkin-milkshake
Banana milkshake,"Ingredients
2 Banana
1 glass Milk
1 spoon Sugar
1 spoon Vanilla ice cream","Steps
Take a mixer.
Add banana, sugar and blend well.
Add milk and blend well.
It's ready.
Serve chilled.
Add cherry.",https://cookpad.com/us/recipes/13135994-banana-milkshake
Oreo milkshake,"Ingredients
1 1/2 cups milk
1/2 pint ice cream
2 cups crushed up oreos","Steps
Add milk and ice cream to blender
Blend
When thick add oreos
Blend
Enjoy",https://cookpad.com/us/recipes/8354911-oreo-milkshake
Choc Caramel Milkshake - Tasty&Easy,"Ingredients
1 serving
2 cup Milk
2 large Scoops Of Chocolate Ice cream
1 1/2 200g Caramel Crown Biscuit's (arnotts) Halved","Steps
Blend milk, ice cream and the biscuits together. Until smooth.
Pour into chilled glass.
Serve and enjoy :)",https://cookpad.com/us/recipes/420328-choc-caramel-milkshake-tastyeasy
Bounty Milkshake,"Ingredients
1 serving
2 cups milk
2 tbsp milk powder
2 bounty bars
1 tsp vanilla","Steps
In a blender add milk, milk powder, vallina and bounty chocolate..
Blend it for 2 mins.
Ready to serve.Enjoy chilled.",https://cookpad.com/us/recipes/12952961-bounty-milkshake
Hershey's and nutella Milkshake,"Ingredients
1 serving
2 Hershey bar
1 cup milk
I pint of Choclate ice cream
1 jar nutella
1 cherry
Whipped cream","Steps
Put the nutella,hershey's bar, milk and ice cream in a blinder
Mix on high do 2 minutes or until it has a thick constancy
Put in a cup and top it of with whipped cream and a cherry",https://cookpad.com/us/recipes/8385712-hersheys-and-nutella-milkshake
Cornflakes milkshake,"Ingredients
2 servings
Cornflakes
Sugar
Hollandia yoghurt
Chocolates syrups
cube Ice","Steps
In a clean blender put your cornflakes, sugar,hallandia yoghurt, ice cube and blend
After you have blend, Doctorate ur cup with chocolate syrups then pow the blended cornflakes shake and serve
Add some cornflakes crunchy ontop",https://cookpad.com/us/recipes/12869739-cornflakes-milkshake
Strawberry White Chocolate Milkshake,"Ingredients
1 cup milk
2 cup vanilla ice cream
1/2 cup white chocolate chips
2 cup frozen unsweetened strawberries","Steps
Place all ingredients into the Vitamix container in the order listed and secure lid.
Select Frozen Dessert program.
Switch machine to Start and allow machine to complete programmed cycle, using the tamper to press the ingredients into the blades.",https://cookpad.com/us/recipes/415764-strawberry-white-chocolate-milkshake
Blackberry milkshake,"Ingredients
1 blackbarries (i put about 7 or 8)
1 cup whole milk
1 vanilla ice cream (to taste)","Steps
Blend together til its like a milkshake",https://cookpad.com/us/recipes/362837-blackberry-milkshake
thick milkshake,"Ingredients
4 servings
3 scoops of ice cream
1/4 cup of milk
1/2 of sugar","Steps
make sure you have a blender if not than you can put it in a bowl but it may be harder to mix
add the milk first so it can mix easier into the ice cream
next add whatever flavor ice cream you want
add the sugar last
put on high blend for about a minute if you want it thick, the thinner you want it the longer you blend",https://cookpad.com/us/recipes/419561-thick-milkshake
Lighter Chocolate Milkshake,"Ingredients
2 servings
1 cup Coconut milk
2 tbsp Cocoa powder, unsweetened
1 tbsp Peanut butter
1 tsp Agave syrup
2 cup Ice cubes","Steps
Blend milk, cocoa, peanut butter, agave, and ice cubes in a blender until smooth and slushy
Pour into glasses and serve",https://cookpad.com/us/recipes/402288-lighter-chocolate-milkshake
milkshake chocolatte,"Ingredients
1 serving
2 packages Milo/chocolate milk
350 ml hot water and medium water
3 tbsp ice cream
1 glass for milkshake/juice
1 shaker","Steps
prepared the ingredient
mix water and milo or chocolate milk on shaker
add some ice cream and shake again
pure the mix on the glass
add some ice cream
and the milkshake is already to drink",https://cookpad.com/us/recipes/412249-milkshake-chocolatte
Roohafza Milkshake,"Ingredients
1 glass milk
1 tsp roohafza
As needed sugar
Some ice cubes","Steps
In a mixer add milk, sugar and roohafza.
Blend well.
Add ice cubes in it and blend properly.
Serve chilled in glass.",https://cookpad.com/us/recipes/13513958-roohafza-milkshake
Daddy's Malted Milkshake/ Chocolate Malted Milkshake,"Ingredients
1 serving
1 cup milk
2 each vanilla ice cream
1 tsp vanilla essence
2 tbsp Carnation malted milk original (powder)","Steps
Blend all ingredients and serve. * You can use 2 or 3 scoops of ice cream (sorry scoop wasn't a measurement option)
**Milk and ice cream amount can vary depending on the consistency you want.
***For chocolate flavored malted milk: if you don't have Carnation chocolate flavored malted powder (like me), you can add 1 tbsp nesquick powder. Blend with previous ingredients and serve. Top with nesquick powder
Enjoy!",https://cookpad.com/us/recipes/335766-daddys-malted-milkshake-chocolate-malted-milkshake
milkshake (without ice cream),"Ingredients
2 servings
2 cup milk
12 ice cubes
1 tsp vanilla extract
3/4 cup sugar
1 chocolate syrup (optional)","Steps
add 12 or so ice cubes to blender
add milk
add sugar
add vanilla
add chocolate syrup if wanted
blend",https://cookpad.com/us/recipes/413188-milkshake-without-ice-cream
chocolate milkshake,"Ingredients
3 servings
2 1/2 cup milk
1 milk chocolate
1 chocolate sauce
1 ready made chocolate milkshake powder","Steps
boil a small amount of water, then put a glass bowl on top and put some chocolate into the bowl; let the chocolate melt (it helps to melt faster if you stir it)
put your milk, chocolate sauce, ready made chocolate milkshake powder and melted chocolate in to a blender
blend for 1 minute untill smooth and thats it :)",https://cookpad.com/us/recipes/394984-chocolate-milkshake
Chocolate Swirl Milkshakes,"Ingredients
4 servings
3 cup vanilla icecream
3 cup milk
3/4 tsp vanilla extract
3/4 cup chocolate fudge syrup divided
4 maraschino cherries with stems","Steps
Combine icecream,milk,and vanilla in a blender and blend until thick and smooth.About 1 minute.
Divide fudge syrup among 4 parfait glasses.Turn the glasses upside down and spin to create spiral pattern in glasses
Pour equal amounts of icecream mix into glasses.
Swirl leftover fudge syrup over each serving,add a cherry and enjoy!!",https://cookpad.com/us/recipes/412987-chocolate-swirl-milkshakes
Oreo milkshakes,"Ingredients
2 servings
1 cup milk
1 tbsp instant vanilla pudding dry mix
1 tsp vanilla
2 1/2 Oreo cookies
1 packages splenda
1 1/2 cup ice","Steps
Add all ingredients to a blender and blend till smooth
Add more ice to the mix if needed",https://cookpad.com/us/recipes/440398-oreo-milkshakes
Oreo Milkshake,"Ingredients
1 cup
6 Oreos
250 ml/1 cup Milk (Chocolate/ Vanilla, your choice)
1 Drizzle of Chocolate Syrup (You can put as much as you like)
1 tablespoon Cocoa Powder (Optional)
1 cup Ice
3-5 Tablespoon Ice Cream (Optional, Still good without it)
1 tsp Vanilla (Optional)","Steps
Add 5 Oreos, and the rest of the ingredients in the Blender
Blend it well
Add 1 extra Oreo
Dont blend it too much, 2-3 seconds will be enough.
This is optional but if you'd like to decorate the cup, drizzle it with Chocolate syrup first, add the Oreo milk shake, and top it with whipped cream or just a single Oreo.",https://cookpad.com/us/recipes/12901870-oreo-milkshake
Dry fruits milkshake. #goldenapron3 #Hot,"Ingredients
3-4 servings
6-7 nos almond
6-7 nos cashews
4-5 nos anjeer (figs)
6-7 nos apricots
6-7 nos raisins
3/4 cup chilled milk
3-4 tbsp sugar
1 tsp cardamom powder","Steps
Take a utensil & add almond, cashews, anjeer, raisins. Soak all ingredients in water/ milk at least 1-2 hours.
Now to a mixer jar add soaked nuts & dry fruits along with milk & grind a paste.
Now add chilled milk, sugar & cardamom powder & blend until smooth & frothy.
Served chilled with nuts & saffron garnished!!..",https://cookpad.com/us/recipes/13088230-dry-fruits-milkshake-goldenapron3-hot
Mixed Berry Pip Milkshake,"Ingredients
1 serving
100 ml,or 150ml mixed Berry Pips and Pulp Juice
2 tbsp. Or 4 heaped Dessert Spoons of granulated sugar
500 ml milk","Steps
Just allow all the ingredients too blend together for a minute in the Nutri Ninja Blender and then enjoy the Lilac coloured Milkshake.The seedy taste might not be everybody's cup of tea,the blitzed Milkshake could go through a flour (Rice) sieve - for the Pips to be removed too the bin.",https://cookpad.com/us/recipes/13214812-mixed-berry-pip-milkshake
Strawberry milkshake,"Ingredients
1/2 (1 pint) ice cream
2 cups milk
Strawberry syrup","Steps
Put ice cream and milk in blender
Blend
Add syrup and blend
Enjoy",https://cookpad.com/us/recipes/8311776-strawberry-milkshake
Ferrero Rocher milkshake,"Ingredients
1 serving
4-5 ferrero rocher chocolate
1 glass milk
3-4 icecube
1 teaspoon sugar powder (optional)","Steps
Take chocolate in jar make a powder
Add 1 tablespoon lukewarm milk again blend
Transfer in glass add milk,sugar(optional) mix proper add ice cube and serve",https://cookpad.com/us/recipes/13089454-ferrero-rocher-milkshake
Super loaded Snickers milkshake!,"Ingredients
2 servings
3 1/2 snickers bars (normal size)
3 1/2 cup vanilla ice cream
2 cup of any kind of milk (full, skimmed, semi)
3 1/2 tsp nesquick chocolate milkshake powder
1 All the following are optional extras to be used as toppings. Caramel drizzle sauce, squirty cream, nuts /sweets.","Steps
Cut 3 of the snickers bars into small slices, about 1 or 2 cm thick. Cut the last half a snickers bar (... or put the whole bar in if you want a really luxurious treat!) into double the size slices of the previous slices you cut . This will ensure you have some chunkier pieces at the bottom of your shake(And who doesn't love those chunky bits?!? ) .
Add the milk, nesquick powder, 1 (just the one) cup of ice cream, and all but some of the chunkier pieces of the snickers bars, into the blender.
Blitz everything in the blender until smooth and creamy. Ensure the snickers bar is not in clumps at the bottom and is fully blended.
Once fully blended and smooth, add another cup and a half of ice cream (this will leave you with one cup of ice cream ) and briefly blend. Or pulse, if your blender has this function. Do not over blend, as this will make the consistency of the milkshake thinner.
Add the last of the snickers and blitz until you can hear/see that they are in small pieces of bite sized heaven. I like mine chunky, but blend to taste. Just before your pieces are your preferred size, stop blending and add the last cup of ice cream and pulse in, to keep it nice and thick.
And that's it! finish it off with the toppings of your choice. I like mine nice and simple... Although I never can say no to caramel drizzle! Anything goes! Add anything you like : cream, sauces, nuts, sweets, sprinkles, fruit, chocolate chips, and anything else you can think of!!! Enjoy!
Need a pick me up? Need a caffeine fix? Missing your coffee? Then add some kick start to your shake.... Make the milkshake as normal, but when adding the last cup of ice cream before you do so add a shot of espresso (which has been left to cool). Or if your out of espresso make up some of your usual instant (or otherwise) coffee, keep black, leave to cool, then add to milkshake and continue with recipe. Enjoy your super loaded snickers milkshake!",https://cookpad.com/us/recipes/350094-super-loaded-snickers-milkshake
Nutella cherry milkshake,"Ingredients
3-serving
2 cups milk
to taste sugar
3 tsps nutella or 4
cherries
ice cubes","Steps
In a blender, blend ice cubes+ milk + sugar + nutella.
Chop cherries and and this to the milk shake.",https://cookpad.com/us/recipes/2609335-nutella-cherry-milkshake
Oreo Milkshake,"Ingredients
4 servings
6 Oreo Biscuits
4 cup Milk
2 tbsp Chocolate Icecream
4 tbsp Vanilla Icecream
2 tbsp Sugar (Not necessary)","Steps
Crush the Oreo Biscuits into small pieces
Add Sugar
Add milk and blend it all together
In the end add the icecream and blend it for the last time
PS: You can decorate the glasses with chocolate sirup to make it look even better ;)",https://cookpad.com/us/recipes/413265-oreo-milkshake
My homemade Nutella Chocolate Milkshake,"Ingredients
2 people
2 1/2 cups milk
2 table spoons of Nutella
2 tea spoons of chocolate (Milo)
Ice (optional)","Steps
Mix all the Ingredients into the blender until it's smooth
Serve into glasses, let cool in refrigerator for 10min
Add ice as you like. Drink and enjoy!",https://cookpad.com/us/recipes/13074696-my-homemade-nutella-chocolate-milkshake
White Milkshake,"Ingredients
As needed sugar
1 glass milk
1 ice tray
6-7 chopped almonds
8-9 chopped cashews","Steps
Blend the milk and sugar with blender.
Add ice in it. Add dry fruits also.
It is ready to serve.",https://cookpad.com/us/recipes/13238639-white-milkshake
